name,address,lat,lng,kreis,district,group,size
Migros-Supermarkt - Zürich - Pünt,"Albisriederstrasse 365, 8047 Zürich, Schweiz",47.375208699999995,8.485711199999999,Kreis 9,Albisrieden,migros_group,1.0
Migros,"Albisriederstrasse 253, 8047 Zürich, Schweiz",47.3783453,8.4938779,Kreis 9,Albisrieden,migros_group,1.0
Denner Discount,"Bockhornstrasse 1, 8047 Zürich, Schweiz",47.375963299999995,8.4839948,Kreis 9,Albisrieden,migros_group,1.0
Denner Discount,"Letzigraben 120, 8047 Zürich, Schweiz",47.3765558,8.4973795,Kreis 9,Albisrieden,migros_group,1.0
migrolino Zürich Rautistrasse,"Rautistrasse 32, 8047 Zürich, Schweiz",47.3812262,8.4920641,Kreis 9,Albisrieden,migros_group,0.3
migrolino Zürich Rautistrasse,"Rautistrasse 12, 8047 Zürich, Schweiz",47.380395,8.4941506,Kreis 9,Albisrieden,migros_group,0.3
Coop Supermarkt Zürich Albisriederplatz,"Badenerstrasse 333, 8003 Zürich, Schweiz",47.3777615,8.5112322,Kreis 9,Albisrieden,competitors,1.0
Coop Supermarkt Zürich A-Park,"Albisriederstrasse 334, 8047 Zürich, Schweiz",47.3761905,8.4870812,Kreis 9,Albisrieden,competitors,1.0
Coop Supermarkt Zürich Gutstrasse,"Gutstrasse 159, 8047 Zürich, Schweiz",47.373663099999995,8.5023812,Kreis 9,Albisrieden,competitors,1.0
Coop Supermarkt Zürich Triemli,"In der Ey 85, 8047 Zürich, Schweiz",47.370577,8.4921401,Kreis 9,Albisrieden,competitors,1.0
Lidl Schweiz,"Pflanzschulstrasse 7, 8004 Zürich, Schweiz",47.375319999999995,8.51935,Kreis 9,Albisrieden,competitors,1.0
Lidl Schweiz,"Grubenstrasse 28, 8045 Zürich, Schweiz",47.36178,8.51493,Kreis 9,Albisrieden,competitors,1.0
Lidl Schweiz,"Förrlibuckstrasse 62, 8005 Zürich, Schweiz",47.39252,8.51569,Kreis 9,Albisrieden,competitors,1.0
Lidl Schweiz,"Fraumünsterstrasse 16, 8001 Zürich, Schweiz",47.3688262,8.5411485,Kreis 9,Albisrieden,competitors,1.0
Lidl Schweiz,"Zürcherstrasse 133, 8952 Schlieren, Schweiz",47.39753,8.46486,Kreis 9,Albisrieden,competitors,1.0
Lidl Schweiz,"Hofwiesenstrasse 350, 8050 Zürich, Schweiz",47.4105,8.542729999999999,Kreis 9,Albisrieden,competitors,1.0
Lidl Schweiz,"Wehntalerstrasse 625, 8046 Zürich, Schweiz",47.4223919,8.4991596,Kreis 9,Albisrieden,competitors,1.0
Lidl Schweiz,"Ohmstrasse 11, 8050 Zürich, Schweiz",47.4101908,8.545897199999999,Kreis 9,Albisrieden,competitors,1.0
Lidl Schweiz,"Reitmenstrasse 5, 8952 Schlieren, Schweiz",47.3993447,8.4324879,Kreis 9,Albisrieden,competitors,1.0
Lidl Schweiz,"Soodring 25, 8134 Adliswil, Schweiz",47.31957,8.5204,Kreis 9,Albisrieden,competitors,1.0
Lidl Schweiz,"Ueberlandstrasse 381, 8051 Zürich, Schweiz",47.4078526,8.585158,Kreis 9,Albisrieden,competitors,1.0
Lidl Schweiz,"Grünaustrasse, 8953 Dietikon, Schweiz",47.4103923,8.4042087,Kreis 9,Albisrieden,competitors,1.0
Lidl Schweiz,"Grütpark, Adlikerstrasse 295, 8105 Regensdorf, Schweiz",47.44435,8.46523,Kreis 9,Albisrieden,competitors,1.0
Neumarkt Oerlikon,"Hofwiesenstrasse 350, 8050 Zürich, Schweiz",47.4104775,8.5429323,Kreis 9,Albisrieden,competitors,1.0
Lidl Schweiz,"Alte Bremgartenstrasse 10b, 8964 Rudolfstetten-Friedlisberg, Schweiz",47.3683103,8.379700399999999,Kreis 9,Albisrieden,competitors,1.0
ALDI Suisse,"Badenerstrasse 565, 8048 Zürich, Schweiz",47.3837812,8.4975848,Kreis 9,Albisrieden,competitors,1.0
ALDI SUISSE,"Hohlstrasse 473, 8048 Zürich, Schweiz",47.3883187,8.4967741,Kreis 9,Albisrieden,competitors,1.0
ALDI SUISSE,"Birmensdorferstrasse 313, 8055 Zürich, Schweiz",47.3695917,8.509188199999999,Kreis 9,Albisrieden,competitors,1.0
ALDI SUISSE,"Zollstrasse 58, 8005 Zürich, Schweiz",47.3808365,8.5331893,Kreis 9,Albisrieden,competitors,1.0
SPAR Supermarkt Zürich Zollfreilager,"Freilagerstrasse 51, 8047 Zürich, Schweiz",47.3800421,8.4896783,Kreis 9,Albisrieden,competitors,1.0
ALDI SUISSE,"Sihlstrasse 3, 8001 Zürich, Schweiz",47.37372690000001,8.5376525,Kreis 9,Albisrieden,competitors,1.0
ALDI SUISSE,"Albisstrasse 81, 8038 Zürich, Schweiz",47.3409069,8.5306032,Kreis 9,Albisrieden,competitors,1.0
ALDI SUISSE,"Mythenquai 353, 8038 Zürich, Schweiz",47.3454582,8.5347438,Kreis 9,Albisrieden,competitors,1.0
ALDI SUISSE,"Ofenhalle, Wehntalerstrasse 634, 8046 Zürich, Schweiz",47.42319,8.4994569,Kreis 9,Albisrieden,competitors,1.0
ALDI SUISSE,"Stadelhoferstrasse 10, 8001 Zürich, Schweiz",47.366789,8.5480012,Kreis 9,Albisrieden,competitors,1.0
Coop Supermarkt Zürich Letzipark,"Baslerstrasse 50, 8048 Zürich, Schweiz",47.3859855,8.499333,Kreis 9,Albisrieden,competitors,1.0
ALDI Zürich,"Baumackerstrasse 35, 8050 Zürich, Schweiz",47.4089561,8.5438043,Kreis 9,Albisrieden,competitors,1.0
ALDI SUISSE,"Wagistrasse 20, 8952 Schlieren, Schweiz",47.3984406,8.4597418,Kreis 9,Albisrieden,competitors,1.0
ALDI SUISSE,"Binzmühlestrasse 102, 8050 Zürich, Schweiz",47.4137869,8.5390221,Kreis 9,Albisrieden,competitors,1.0
ALDI SUISSE,"Ueberlandstrasse 441, 8051 Zürich, Schweiz",47.4058514,8.5921951,Kreis 9,Albisrieden,competitors,1.0
ALDI SUISSE,"Schärenmoosstrasse 77, 8052 Zürich, Schweiz",47.4194852,8.556865,Kreis 9,Albisrieden,competitors,1.0
Migros-Supermarkt - Zürich - Altstetten Neumarkt,"Neumarkt Altstetten, Altstetterstrasse 145, 8048 Zürich, Schweiz",47.3881781,8.486922,Kreis 9,Altstetten,migros_group,1.0
Migros-Supermarkt - Zürich - Altstetten M-Express,"Hohlstrasse 600, 8048 Zürich, Schweiz",47.3913612,8.4877977,Kreis 9,Altstetten,migros_group,0.3
Denner Discount,"im OG, Altstetterstrasse 145, 8048 Zürich, Schweiz",47.3884662,8.486958999999999,Kreis 9,Altstetten,migros_group,1.0
Denner Discount,"Baslerstrasse 50, 8048 Zürich, Schweiz",47.385924800000005,8.499636299999999,Kreis 9,Altstetten,migros_group,1.0
Denner Discount,"Badenerstrasse 621, 8048 Zürich, Schweiz",47.3857711,8.492477599999999,Kreis 9,Altstetten,migros_group,1.0
Denner Express,"Lindenpl. 4, 8048 Zürich, Schweiz",47.3872504,8.4860262,Kreis 9,Altstetten,migros_group,0.3
Denner Discount,"Bachmattstrasse 59, 8048 Zürich, Schweiz",47.3890517,8.483677000000002,Kreis 9,Altstetten,migros_group,1.0
Denner Discount,"Hohlstrasse 610, 8048 Zürich, Schweiz",47.3920031,8.484871199999999,Kreis 9,Altstetten,migros_group,1.0
migrolino Hohlstrasse,"Hohlstrasse 544, 8048 Zürich, Schweiz",47.3904427,8.4911794,Kreis 9,Altstetten,migros_group,0.3
migrolino Zürich Farbhof,"Karstlernstrasse, Farbhof 2, 8048 Zürich, Schweiz",47.3904603,8.4789204,Kreis 9,Altstetten,migros_group,0.3
Coop Supermarkt Zürich Altstetten,"Badenerstrasse 650, 8048 Zürich, Schweiz",47.3875588,8.4890229,Kreis 9,Altstetten,competitors,1.0
Coop Supermarkt Zürich Lindenplatz,"Lindenpl. 6, 8048 Zürich, Schweiz",47.387638599999995,8.4853846,Kreis 9,Altstetten,competitors,1.0
Coop Supermarkt Zürich Westlink,"Vulkanpl., 8048 Zürich, Schweiz",47.3921018,8.4901313,Kreis 9,Altstetten,competitors,1.0
Coop Supermarkt Zürich Vulkanstrasse,"Vulkanstrasse 108, 8048 Zürich, Schweiz",47.3935497,8.4838483,Kreis 9,Altstetten,competitors,1.0
Coop Pronto Shop Zürich Hohlstrasse,"Hohlstrasse 560, 8048 Zürich, Schweiz",47.3909986,8.489169,Kreis 9,Altstetten,competitors,0.3
Coop Supermarkt Zürich Suteracher,"Am Suteracher 14, 8048 Zürich, Schweiz",47.389955,8.4720952,Kreis 9,Altstetten,competitors,1.0
Coop Pronto Shop Zürich-Altstetten,"Badenerstrasse 812, 8048 Zürich, Schweiz",47.3933164,8.474460500000001,Kreis 9,Altstetten,competitors,0.3
Coop Pronto Shop Zürich Kiss,"Badenerstrasse 575, 8048 Zürich, Schweiz",47.384631899999995,8.4957917,Kreis 9,Altstetten,competitors,0.3
SPAR Supermarkt Altstätten,"Bahnhofstrasse 48a, 9450 Altstätten, Schweiz",47.3753999,9.553075,Kreis 9,Altstetten,competitors,1.0
SPAR,"Spinnereipl. 2, 8041 Zürich, Schweiz",47.3383408,8.520264899999999,Kreis 9,Altstetten,competitors,1.0
SPAR Supermarkt Zürich Regensbergstrasse,"Regensbergstrasse 300, 8050 Zürich, Schweiz",47.4115648,8.5279289,Kreis 9,Altstetten,competitors,1.0
SPAR express,"Hardturmstrasse 126, 8005 Zürich, Schweiz",47.393554,8.5131344,Kreis 9,Altstetten,competitors,0.3
SPAR Supermarkt Zürich Dolderstrasse,"Dolderstrasse 5, 8032 Zürich, Schweiz",47.3703237,8.556849999999999,Kreis 9,Altstetten,competitors,1.0
Migros-Supermarkt - Zürich - Höschgasse,"Seefeldstrasse 111/113, 8008 Zürich, Schweiz",47.358365,8.5541587,Kreis 8,Seefeld,migros_group,1.0
Migros-Supermarkt - Zürich - Stadelhofen,"Falkenstrasse 19/21, 8008 Zürich, Schweiz",47.3654649,8.5479404,Kreis 8,Seefeld,migros_group,1.0
Denner Express,"Kreuzstrasse 40, 8008 Zürich, Schweiz",47.3633819,8.550430799999999,Kreis 8,Seefeld,migros_group,0.3
Denner Express,"Badenerstrasse 296, 8004 Zürich, Schweiz",47.3771472,8.5135021,Kreis 8,Seefeld,migros_group,0.3
Denner Discount,"Limmatstrasse 275, 8005 Zürich, Schweiz",47.3887665,8.5250706,Kreis 8,Seefeld,migros_group,1.0
Denner Express,"Forchstrasse 261, 8032 Zürich, Schweiz",47.358492,8.5721215,Kreis 8,Seefeld,migros_group,0.3
Denner Express,"Josefstrasse 92, 8005 Zürich, Schweiz",47.383201,8.5309636,Kreis 8,Seefeld,migros_group,0.3
Denner Discount,"Etzelstrasse 6, 8038 Zürich, Schweiz",47.3445223,8.5308077,Kreis 8,Seefeld,migros_group,1.0
migrolino Zürich Hornegg,"Horneggstrasse 3, 8008 Zürich, Schweiz",47.3522694,8.5586466,Kreis 8,Seefeld,migros_group,0.3
Coop Supermarkt Zürich Seefeld,"Seefeldstrasse 123, 8008 Zürich, Schweiz",47.3580373,8.5547665,Kreis 8,Seefeld,competitors,1.0
Coop Supermarkt Zürich Brotgasse,"Seefeldstrasse 35, 8008 Zürich, Schweiz",47.3631275,8.5498808,Kreis 8,Seefeld,competitors,1.0
Lidl Schweiz,"Eggstrasse 88, 8803 Rüschlikon, Schweiz",47.30349,8.54444,Kreis 8,Seefeld,competitors,1.0
Lidl Schweiz,"Zürichstrasse 127/131, 8600 Dübendorf, Schweiz",47.39586,8.59933,Kreis 8,Seefeld,competitors,1.0
Lidl Schweiz,"Neue Winterthurerstrasse 2, 8304 Wallisellen, Schweiz",47.41238,8.61366,Kreis 8,Seefeld,competitors,1.0
Lidl Schweiz,"Im Schörli 20, 8600 Dübendorf, Schweiz",47.39517,8.63865,Kreis 8,Seefeld,competitors,1.0
ALDI SUISSE,"Witikonerstr. 279, 8053 Zürich, Schweiz",47.358630600000005,8.5854632,Kreis 8,Seefeld,competitors,1.0
EUROSPAR Albrecht Seefeld,"Olympiastraße 882, 6100 Seefeld in Tirol, Österreich",47.3295173,11.1844415,Kreis 8,Seefeld,competitors,1.0
Fooby,"Seefeldstrasse 9, 8008 Zürich, Schweiz",47.3646351,8.548644,Kreis 8,Seefeld,competitors,1.0
SPAR express Zürich Toblerplatz,"Toblerpl. 5, 8044 Zürich, Schweiz",47.37911,8.5597862,Kreis 8,Seefeld,competitors,0.3
EUROSPAR Supermarkt Bernina,"Schaffhauserstrasse 239, 8057 Zürich, Schweiz",47.4032176,8.5469741,Kreis 8,Seefeld,competitors,1.0
Spar Express Sihlquai,"Ausstellungsstrasse 10, 8005 Zürich, Schweiz",47.3812873,8.537764899999999,Kreis 8,Seefeld,competitors,0.3
Migros-Supermarkt - Zürich - Kreuzplatz,"Kreuzpl. 20, 8008 Zürich, Schweiz",47.3645128,8.5537736,Kreis 8,Mühlebach,migros_group,1.0
Migros-Supermarkt - Zürich - Limmatplatz,"Limmatstrasse 152, 8005 Zürich, Schweiz",47.385462999999994,8.531409199999999,Kreis 8,Mühlebach,migros_group,1.0
Migros-Supermarkt - Zürich - City,"Löwenstrasse 31-35 2. und 3. OG, 8001 Zürich, Schweiz",47.375383199999995,8.5360797,Kreis 8,Mühlebach,migros_group,1.0
Migros-Supermarkt - Zürich - Toblerplatz,"Toblerstrasse 73, 8044 Zürich, Schweiz",47.3793079,8.5593843,Kreis 8,Mühlebach,migros_group,1.0
Migros-Supermarkt - Zürich - Hauptbahnhof,"Hauptbahnhof, 8001 Zürich, Schweiz",47.3781908,8.5404261,Kreis 8,Mühlebach,migros_group,1.0
Migros-Supermarkt - Zürich - Wiedikon M-Märt,"Birmensdorferstrasse 320, 8055 Zürich, Schweiz",47.3699559,8.508720799999999,Kreis 8,Mühlebach,migros_group,1.0
Migros-Supermarkt - Zürich - Puls 5 M-Express,"Hardturmstrasse 11, 8005 Zürich, Schweiz",47.391335999999995,8.518552999999999,Kreis 8,Mühlebach,migros_group,0.3
Migros-Supermarkt - Zürich - HB Sihlquai,"Sihlpassage, 8004 Zürich, Schweiz",47.378401499999995,8.535615,Kreis 8,Mühlebach,migros_group,1.0
Migros-Supermarkt - Zürich - Schmiede Wiedikon,"Birmensdorferstrasse 140, 8003 Zürich, Schweiz",47.3700773,8.520128399999999,Kreis 8,Mühlebach,migros_group,1.0
Migros-Supermarkt - Zürich - Wengihof,"Wengistrasse 7, 8004 Zürich, Schweiz",47.374941199999995,8.5230714,Kreis 8,Mühlebach,migros_group,1.0
Migros-Supermarkt - Zürich - Albisriederplatz,"Badenerstrasse 376, 8004 Zürich, Schweiz",47.3791051,8.5087542,Kreis 8,Mühlebach,migros_group,1.0
Migros-Supermarkt - Zürich - Burgwies,"Forchstrasse 260, 8008 Zürich, Schweiz",47.3576042,8.5716275,Kreis 8,Mühlebach,migros_group,1.0
Migros-Supermarkt - Zürich - Brunaupark,"BRUNAUPARK, Giesshübelstrasse 65, 8045 Zürich, Schweiz",47.358385899999995,8.517647199999999,Kreis 8,Mühlebach,migros_group,1.0
Migros-Supermarkt - Zürich - Seebach,"Schaffhauserstrasse 470, 8052 Zürich, Schweiz",47.4195302,8.5483282,Kreis 8,Mühlebach,migros_group,1.0
Migros-Supermarkt - Zürich - Herdern,"Pfingstweidstrasse 101, 8005 Zürich, Schweiz",47.3902225,8.508951999999999,Kreis 8,Mühlebach,migros_group,1.0
Migros-Supermarkt - Zürich - Wipkingen,"Scheffelstrasse 3, 8037 Zürich, Schweiz",47.3936979,8.5292409,Kreis 8,Mühlebach,migros_group,1.0
Genossenschaft Migros Zürich,"Pfingstweidstrasse 101, 8005 Zürich, Schweiz",47.3899917,8.5095371,Kreis 8,Mühlebach,migros_group,1.0
Denner Campus,"Grubenstrasse 10, 8045 Zürich, Schweiz",47.3622363,8.5167287,Kreis 8,Mühlebach,migros_group,1.0
Denner Discount,"Limmatstrasse 152, 8005 Zürich, Schweiz",47.3857949,8.5319332,Kreis 8,Mühlebach,migros_group,1.0
Denner Express,"Molkenstrasse 8, 8004 Zürich, Schweiz",47.3766288,8.5272297,Kreis 8,Mühlebach,migros_group,0.3
Denner Discount,"Binzmühlestrasse 80, 8050 Zürich, Schweiz",47.4143106,8.5421529,Kreis 8,Mühlebach,migros_group,1.0
Denner Discount,"Werdstrasse 36, 8004 Zürich, Schweiz",47.3728511,8.5296261,Kreis 8,Mühlebach,migros_group,1.0
Denner Discount,"Fierzgasse 18, 8005 Zürich, Schweiz",47.3838772,8.531965699999999,Kreis 8,Mühlebach,migros_group,1.0
Denner Express,"Hottingerstrasse 52, 8032 Zürich, Schweiz",47.3690299,8.5558873,Kreis 8,Mühlebach,migros_group,0.3
Denner Express,"Hofwiesenstrasse 135, 8057 Zürich, Schweiz",47.3990363,8.5325936,Kreis 8,Mühlebach,migros_group,0.3
Denner Express,"Wengistrasse 7, 8004 Zürich, Schweiz",47.374879400000005,8.523428299999999,Kreis 8,Mühlebach,migros_group,0.3
Denner Express,"Apollostrasse 2, 8032 Zürich, Schweiz",47.364459,8.5556508,Kreis 8,Mühlebach,migros_group,0.3
Denner Express,"Winterthurerstrasse 83, 8006 Zürich, Schweiz",47.3906931,8.545193099999999,Kreis 8,Mühlebach,migros_group,0.3
Denner Express,"Toblerstrasse 76, 8044 Zürich, Schweiz",47.3788752,8.5594874,Kreis 8,Mühlebach,migros_group,0.3
Denner Express,"Limmattalstrasse 177, 8049 Zürich, Schweiz",47.4018108,8.4994459,Kreis 8,Mühlebach,migros_group,0.3
migrolino Zürich HB,"Hauptbahnhof, Bahnhofquai, 8001 Zürich, Schweiz",47.3778211,8.5404269,Kreis 8,Mühlebach,migros_group,0.3
migrolino Zürich-Niederdorfstrasse,"Niederdorfstrasse 88, 8001 Zürich, Schweiz",47.3762269,8.54413,Kreis 8,Mühlebach,migros_group,0.3
migrolino Zürich Sihlquai,"Sihlquai 155, 8005 Zürich, Schweiz",47.3860452,8.5319444,Kreis 8,Mühlebach,migros_group,0.3
migrolino fresh Zürich Langstrasse,"Langstrasse 134, 8004 Zürich, Schweiz",47.3798155,8.5279692,Kreis 8,Mühlebach,migros_group,0.3
migrolino Zürich Thurgauerstrasse,"Thurgauerstrasse 100, 8052 Zürich, Schweiz",47.419796899999994,8.5563336,Kreis 8,Mühlebach,migros_group,0.3
migrolino Zürich Waffenplatz,"Waffenplatzstrasse 40, 8002 Zürich, Schweiz",47.3595129,8.5266093,Kreis 8,Mühlebach,migros_group,0.3
migrolino Triemli,"Birmensdorferstrasse 484, 8055 Zürich, Schweiz",47.3685826,8.4966337,Kreis 8,Mühlebach,migros_group,0.3
migrolino Zürich Birmensdorferstrasse,"Birmensdorferstrasse 517, 8055 Zürich, Schweiz",47.3674068,8.4944007,Kreis 8,Mühlebach,migros_group,0.3
Coop Supermarkt Zürich Kreuzplatz,"Forchstrasse 4, 8008 Zürich, Schweiz",47.364332399999995,8.555116199999999,Kreis 8,Mühlebach,competitors,1.0
Coop City Zürich Bellevue,"Theaterstrasse 18, 8001 Zürich, Schweiz",47.3671373,8.545990699999999,Kreis 8,Mühlebach,competitors,1.0
Coop Supermarkt Zürich Tiefenbrunnen,"Seefeldstrasse 199, 8008 Zürich, Schweiz",47.3533668,8.559119299999999,Kreis 8,Mühlebach,competitors,1.0
Coop Supermarkt City Zürich St. Annahof Food,"Bahnhofstrasse 57, 8001 Zürich, Schweiz",47.372955,8.5378441,Kreis 8,Mühlebach,competitors,1.0
Coop Supermarkt Zürich Römerhof,"Klosbachstrasse 104, 8032 Zürich, Schweiz",47.3678289,8.560876799999999,Kreis 8,Mühlebach,competitors,1.0
Coop Supermarkt Zürich Bahnhofbrücke,"Bahnhofbrücke 1, 8001 Zürich, Schweiz",47.3764584,8.5423575,Kreis 8,Mühlebach,competitors,1.0
Coop Supermarkt Zürich ShopVille HB,"Halle, Löwenstrasse, 8001 Zürich, Schweiz",47.3775432,8.5385001,Kreis 8,Mühlebach,competitors,1.0
Coop Supermarkt Zürich Bärengasse,"Bärengasse 16, 8001 Zürich, Schweiz",47.3700619,8.537119299999999,Kreis 8,Mühlebach,competitors,1.0
Coop Supermarkt Zürich Bleicherweg,"Bleicherweg 19, 8002 Zürich, Schweiz",47.3678568,8.5360018,Kreis 8,Mühlebach,competitors,1.0
Coop Supermarkt Zürich Stauffacher,"Badenerstrasse 15, 8004 Zürich, Schweiz",47.373495899999995,8.5306239,Kreis 8,Mühlebach,competitors,1.0
Coop Supermarkt Zürich Wipkingerbrücke,"Röschibachstrasse 22, 8037 Zürich, Schweiz",47.392773899999995,8.524647,Kreis 8,Mühlebach,competitors,1.0
Coop Supermarkt Zürich Fluntern,"Zürichbergstrasse 75, 8044 Zürich, Schweiz",47.3763898,8.5596587,Kreis 8,Mühlebach,competitors,1.0
Coop Pronto Shop Zürich Löwenstrasse,"Löwenstrasse 7, 8001 Zürich, Schweiz",47.3733669,8.534484299999999,Kreis 8,Mühlebach,competitors,0.3
Coop Supermarkt Zürich Hohlstrasse,"Hohlstrasse 35, 8004 Zürich, Schweiz",47.3771023,8.5265009,Kreis 8,Mühlebach,competitors,1.0
Coop City,"Bahnhofstrasse 57, 8001 Zürich, Schweiz",47.3728798,8.5380649,Kreis 8,Mühlebach,competitors,1.0
Coop Supermarkt Zürich Lochergut,"Badenerstrasse 244, 8004 Zürich, Schweiz",47.3757357,8.517332999999999,Kreis 8,Mühlebach,competitors,1.0
SPAR express,"Hottingerstrasse 2, 8032 Zürich, Schweiz",47.3703542,8.5494065,Kreis 8,Mühlebach,competitors,0.3
Spar Express Mythenquai,"Mythenquai 349b, 8038 Zürich, Schweiz",47.3459131,8.534711,Kreis 8,Mühlebach,competitors,0.3
Denner Discount,"Witikonerstrasse 299, Einkaufszentrum Witikon, 8053 Zürich, Schweiz",47.3584599,8.5862955,Kreis 8,Weinegg,migros_group,1.0
Denner Express,"Uetlibergstrasse 102, 8045 Zürich, Schweiz",47.3618578,8.5177357,Kreis 8,Weinegg,migros_group,0.3
Denner Discount,"Birmensdorferstrasse 406, 8055 Zürich, Schweiz",47.369243,8.5030427,Kreis 8,Weinegg,migros_group,1.0
Migros-Supermarkt - Zürich - Schaffhauserplatz,"Schaffhauserstrasse 75, 8057 Zürich, Schweiz",47.3925426,8.5384811,Kreis 6,Unterstrass,migros_group,1.0
Denner Express,"Schaffhauserstrasse 11, 8006 Zürich, Schweiz",47.3888953,8.5388586,Kreis 6,Unterstrass,migros_group,0.3
Denner Express,"Sihlhallenstrasse 5/7, 8004 Zürich, Schweiz",47.379543,8.527069,Kreis 6,Unterstrass,migros_group,0.3
Denner Express,"Landenbergstrasse 22, 8037 Zürich, Schweiz",47.392777599999995,8.528612899999999,Kreis 6,Unterstrass,migros_group,0.3
Denner Discount,"Schwamendingenstrasse 24, 8050 Zürich, Schweiz",47.407367099999995,8.5484298,Kreis 6,Unterstrass,migros_group,1.0
Denner Discount,"Regensbergstrasse 309, 8050 Zürich, Schweiz",47.4114292,8.5265716,Kreis 6,Unterstrass,migros_group,1.0
Denner Discount,"Hofwiesenstrasse 350, 8050 Zürich, Schweiz",47.4103609,8.5434623,Kreis 6,Unterstrass,migros_group,1.0
Denner Discount,"Schaffhauserstrasse 491, 8052 Zürich, Schweiz",47.4209472,8.5490585,Kreis 6,Unterstrass,migros_group,1.0
Migrol Tankstelle,"Wehntalerstrasse 18, 8057 Zürich, Schweiz",47.3980907,8.5399395,Kreis 6,Unterstrass,migros_group,1.0
migrolino Zürich Hardau,"Bullingerstrasse 73, 8004 Zürich, Schweiz",47.3814267,8.510088999999999,Kreis 6,Unterstrass,migros_group,0.3
migrolino Zürich Lagerstrasse,"Lagerstrasse 101, 8004 Zürich, Schweiz",47.3795557,8.5294162,Kreis 6,Unterstrass,migros_group,0.3
Coop Supermarkt Zürich Universitätstrasse,"Universitätstrasse 73, 8006 Zürich, Schweiz",47.3825177,8.5480238,Kreis 6,Unterstrass,competitors,1.0
Coop Supermarkt Zürich Milchbuck,"Milchbuckstrasse 1/5, 8057 Zürich, Schweiz",47.39567,8.540406599999999,Kreis 6,Unterstrass,competitors,1.0
Coop Supermarkt Zürich Rigiplatz,"Universitätstrasse 101, 8006 Zürich, Schweiz",47.3839569,8.548060399999999,Kreis 6,Unterstrass,competitors,1.0
Coop Supermarkt Zürich Guggach,"Hofwiesenstrasse 185, 8057 Zürich, Schweiz",47.4017732,8.5342696,Kreis 6,Unterstrass,competitors,1.0
Coop Supermarkt Zürich Josefstrasse,"Röntgenstrasse 48, 8005 Zürich, Schweiz",47.3847527,8.527192099999999,Kreis 6,Unterstrass,competitors,1.0
Coop Supermarkt Zürich Scheffelstrasse,"Scheffelstrasse 12, 8037 Zürich, Schweiz",47.3938049,8.5295752,Kreis 6,Unterstrass,competitors,1.0
Coop Pronto Shop Zürich Hofwiesenstrasse,"Hofwiesenstrasse 5, 8057 Zürich, Schweiz",47.392223699999995,8.5381111,Kreis 6,Unterstrass,competitors,0.3
Coop Supermarkt Zürich Europaallee Passage,"Europaallee 5, 8004 Zürich, Schweiz",47.377835999999995,8.534764599999999,Kreis 6,Unterstrass,competitors,1.0
Coop Supermarkt Zürich Zollstrasse,"Zollstrasse 42, 8005 Zürich, Schweiz",47.380495499999995,8.534856,Kreis 6,Unterstrass,competitors,1.0
Coop Supermarkt Zürich Dorflinde,"Schwamendingenstrasse 39/41, 8050 Zürich, Schweiz",47.4076063,8.5492653,Kreis 6,Unterstrass,competitors,1.0
Coop Supermarkt Zürich Hofwiesenstrasse,"Hofwiesenstrasse 370, 8050 Zürich, Schweiz",47.4111959,8.5444925,Kreis 6,Unterstrass,competitors,1.0
Coop Supermarkt Zürich Puls 5,"Giessereistrasse 18, 8005 Zürich, Schweiz",47.3907648,8.518288499999999,Kreis 6,Unterstrass,competitors,1.0
Züri 11,"Ohmstrasse 11, 8050 Zürich, Schweiz",47.410403200000005,8.545748399999999,Kreis 6,Unterstrass,competitors,1.0
Migros-Supermarkt - Zürich - Rigiplatz,"Winterthurerstrasse 2/4, 8006 Zürich, Schweiz",47.3860579,8.5486902,Kreis 6,Unterstrass,competitors,1.0
Spar Express Neunbrunnenstrasse,"Neunbrunnenstrasse 40, 8050 Zürich, Schweiz",47.4173318,8.5405674,Kreis 6,Unterstrass,competitors,0.3
SPAR Supermarkt Dübendorf,"u. Geerenstrasse 1, 8600 Dübendorf, Schweiz",47.3896387,8.6172946,Kreis 6,Unterstrass,competitors,1.0
Post Filiale 8068 Zürich West,"SPAR express, Hardturmstrasse 126, 8005 Zürich, Schweiz",47.393507199999995,8.5132737,Kreis 6,Unterstrass,competitors,1.0
SPAR Supermarkt Dietlikon,"Bahnhofstrasse 42, 8305 Dietlikon, Schweiz",47.423181199999995,8.6186765,Kreis 6,Unterstrass,competitors,1.0
mio by migrolino,"Bergstrasse 117, 8032 Zürich, Schweiz",47.3679705,8.564529499999999,Kreis 6,Oberstrass,migros_group,0.3
Migrol Service,"Sihlquai 155, 8005 Zürich, Schweiz",47.386053999999994,8.531918,Kreis 6,Oberstrass,migros_group,1.0
migrolino Zürich Affoltern,"Bahnhof, Riedenhaldenstrasse 282, 8046 Zürich, Schweiz",47.4209934,8.5079609,Kreis 6,Oberstrass,migros_group,0.3
Linde Oberstrass,"Universitätstrasse 91, 8006 Zürich, Schweiz",47.383437,8.547995,Kreis 6,Oberstrass,migros_group,1.0
migrolino Zürich Furttal,"Wehntalerstrasse 586C, 8046 Zürich, Schweiz",47.4209373,8.5026301,Kreis 6,Oberstrass,migros_group,0.3
migrolino Manegg,"Allmendstrasse 121, 8041 Zürich, Schweiz",47.3405352,8.519438599999999,Kreis 7,Fluntern,migros_group,0.3
mio by migrolino,"Winterthurerstrasse 692, 8051 Zürich, Schweiz",47.4063449,8.5838273,Kreis 7,Fluntern,migros_group,0.3
ALDI SUISSE,"Zwirnereistrasse 7/9, 8304 Wallisellen, Schweiz",47.404614599999995,8.6026861,Kreis 7,Fluntern,competitors,1.0
ALDI SUISSE,"Einkaufszentrum Glatt, Neue Winterthurerstrasse 99, 8304 Wallisellen, Schweiz",47.4084666,8.5960524,Kreis 7,Fluntern,competitors,1.0
Migros-Supermarkt - Zürich - ShopVilleMärt,"Shop Ville Zürich Hauptbahnhof, 8001 Zürich, Schweiz",47.377122799999995,8.5394461,Kreis 7,Hottingen,migros_group,1.0
Migros-Supermarkt - Zürich - Witikon-Zentrum,"Witikonerstr. 293, 8053 Zürich, Schweiz",47.359092999999994,8.5856,Kreis 7,Hottingen,migros_group,1.0
Migros-Supermarkt - Zürich - Bahnhof Enge,"Tessinerpl. 10, 8002 Zürich, Schweiz",47.364130499999995,8.5310291,Kreis 7,Hottingen,migros_group,1.0
Migros-Supermarkt - Zürich - Stockerstrasse M-Express,"Stockerstrasse 47, 8002 Zürich, Schweiz",47.3683421,8.5341709,Kreis 7,Hottingen,migros_group,0.3
Migros Daily Take Away - Daily Zürich-Zollstrasse,"Zollstrasse 6, 8005 Zürich, Schweiz",47.3798176,8.5369492,Kreis 7,Hottingen,migros_group,1.0
Migros Take Away,"Kreuzpl. 20, 8008 Zürich, Schweiz",47.3646932,8.5539152,Kreis 7,Hottingen,migros_group,1.0
Coop Pronto Shop Zürich Klusplatz,"Witikonerstr. 15, 8032 Zürich, Schweiz",47.363981599999995,8.5670317,Kreis 7,Hottingen,competitors,0.3
Coop Supermarkt Zürich Witikonerstrasse,"Witikonerstr. 409, 8053 Zürich, Schweiz",47.360226399999995,8.5946717,Kreis 7,Hottingen,competitors,1.0
Klinik Hirslanden,"Witellikerstrasse 40, 8032 Zürich, Schweiz",47.3513179,8.5762437,Kreis 7,Hirslanden,migros_group,1.0
Migros und Bäckerei Buchmann ShopVilleMärt,"Hauptbahnhof, 8001 Zürich, Schweiz",47.3770879,8.5393472,Kreis 7,Hirslanden,migros_group,1.0
HIRSLANDEN klinik hirslanden,"Seefeldstrasse 214, 8008 Zürich, Schweiz",47.3528989,8.5586416,Kreis 7,Hirslanden,migros_group,1.0
Praxis Dr. med. Cyrill Dennler | Wirbelsäulen & Schmerz Clinic | Spine & Pain Clinic - Klinik Hirslanden Zürich,"Trakt E, Witellikerstrasse 40, 8032 Zürich, Schweiz",47.350347199999995,8.5769866,Kreis 7,Hirslanden,migros_group,1.0
Hirslanden Klinik Im Park,"Seestrasse 220, 8027 Zürich, Schweiz",47.3525889,8.531677799999999,Kreis 7,Hirslanden,migros_group,1.0
Denner Discount,"Birmensdorferstrasse 320, 8055 Zürich, Schweiz",47.3700753,8.5087137,Kreis 7,Hirslanden,migros_group,1.0
Trauma Zentrum Hirslanden - Klinik Hirslanden,"Witellikerstrasse 40, 8032 Zürich, Schweiz",47.3515174,8.5764652,Kreis 7,Hirslanden,migros_group,1.0
HerzZentrum Hirslanden Zürich | Herzklinik Zürich,"Witellikerstrasse 36, 8008 Zürich, Schweiz",47.3518885,8.576203399999999,Kreis 7,Hirslanden,competitors,1.0
Adipositas und StoffwechselZentrum Zürich,"Witellikerstrasse 36, 8008 Zürich, Schweiz",47.351907999999995,8.576236999999999,Kreis 7,Hirslanden,competitors,1.0
Ärztezentrum Seefeld Zürich,"Seefeldstrasse 214, 8008 Zürich, Schweiz",47.3531161,8.5588182,Kreis 7,Hirslanden,competitors,1.0
PD Dr. med. Sandro Kohl | Kniechirurg Zürich Hirslanden,"Traumazentrum, Witellikerstrasse 40, 8032 Zürich, Schweiz",47.3515561,8.5764815,Kreis 7,Hirslanden,competitors,1.0
migrolino Dübendorf,"Bettlistrasse 3, 8600 Dübendorf, Schweiz",47.3999755,8.623599,Kreis 7,Witikon,migros_group,0.3
migrolino Dübendorf Im Giessen,"Ueberlandstrasse 97, 8600 Dübendorf, Schweiz",47.4032396,8.607397599999999,Kreis 7,Witikon,migros_group,0.3
migrolino Schwerzenbach,"Bahnstrasse 7a, 8603 Schwerzenbach, Schweiz",47.3846119,8.6584269,Kreis 7,Witikon,migros_group,0.3
migrolino Wallisellen,"Husacherstrasse 2, 8304 Wallisellen, Schweiz",47.4081106,8.6019103,Kreis 7,Witikon,migros_group,0.3
Migrol Tankstelle,"Bellerivestrasse 2, 8008 Zürich, Schweiz",47.360883400000006,8.547934099999999,Kreis 7,Witikon,migros_group,1.0
migrolino Dübendorf (Bühlwiesen),"Ringstrasse 17, 8600 Dübendorf, Schweiz",47.39840040000001,8.605350699999999,Kreis 7,Witikon,migros_group,0.3
migrolino Opfikon,"Hagenholzstrasse 119, 8152 Kreis 11, Schweiz",47.4161299,8.5637594,Kreis 7,Witikon,migros_group,0.3
Lidl Schweiz,"Müllerenstrasse 5, 8604 Volketswil, Schweiz",47.37914,8.677349999999999,Kreis 7,Witikon,competitors,1.0
Lidl Schweiz,"Gschwaderstrasse 24, 8610 Uster, Schweiz",47.356550000000006,8.71112,Kreis 7,Witikon,competitors,1.0
Lidl Schweiz,"Gattikonerstrasse 135, 8136 Gattikon, Schweiz",47.28296,8.54392,Kreis 7,Witikon,competitors,1.0
Zentrum Witikon,"Witikonerstrasse 279, bis 299, 8053 Zürich, Schweiz",47.3587312,8.585599,Kreis 7,Witikon,competitors,1.0
"Postomat Zürich, Filiale Einkaufszentrum","Witikonerstr. 279, 8053 Zürich, Schweiz",47.358755599999995,8.585554199999999,Kreis 7,Witikon,competitors,1.0
Witiker Bioladen,"Witikonerstr. 279, 8053 Zürich, Schweiz",47.358779899999995,8.585723999999999,Kreis 7,Witikon,competitors,1.0
SPAR Supermarkt Schwerzenbach,"Bahnhofstrasse 1, 8603 Schwerzenbach, Schweiz",47.381935,8.652604,Kreis 7,Witikon,competitors,1.0
SPAR,"Pilgerweg 45, 8803 Rüschlikon, Schweiz",47.3062584,8.5562832,Kreis 7,Witikon,competitors,1.0
DHL Service Point (Spar express Toblerplatz),"Toblerpl. 5, 8044 Zürich, Schweiz",47.3790858,8.5598925,Kreis 7,Witikon,competitors,0.3
SPAR,"Forchstrasse 4, 8133 Esslingen ZH, Schweiz",47.287565,8.710875999999999,Kreis 7,Witikon,competitors,1.0
Migros-Genossenschafts-Bund,"Limmatstrasse 152, 8005 Zürich, Schweiz",47.3851136,8.531282,Kreis 5,Gewerbeschule,migros_group,1.0
Migros-Genossenschafts-Bund Group IT,"Heinrichstrasse 216, 8005 Zürich, Schweiz",47.3883483,8.5243376,Kreis 5,Gewerbeschule,migros_group,1.0
Migros Industrie,"c/o Migros-Genossenschafts-Bund, Limmatstrasse 152, 8005 Zürich, Schweiz",47.385878299999995,8.5312854,Kreis 5,Gewerbeschule,migros_group,1.0
Coop Supermarkt Pfingstweidstrasse Prime 2,"Maschinenstrasse 10, 8005 Zürich, Schweiz",47.3875062,8.5174018,Kreis 5,Gewerbeschule,competitors,1.0
Coop to go (Zürich Maagplatz),"Maagpl. 1, 8005 Zürich, Schweiz",47.3859775,8.516149799999999,Kreis 5,Gewerbeschule,competitors,0.3
Coop Supermarkt Zürich Militärstrasse,"Militärstrasse 106, 8004 Zürich, Schweiz",47.379320799999995,8.528788700000002,Kreis 5,Gewerbeschule,competitors,1.0
Coop to go Zürich Neugasse,"Neugasse 50, 8005 Zürich, Schweiz",47.3827661,8.529664,Kreis 5,Gewerbeschule,competitors,0.3
Coop to go Zürich HB,"Halle Landesmuseum, 8001 Zürich, Schweiz",47.3789136,8.5397128,Kreis 5,Gewerbeschule,competitors,0.3
Lian Hua Hardturm GmbH,"Förrlibuckstrasse 30, 8005 Zürich, Schweiz",47.3914996,8.515773099999999,Kreis 5,Gewerbeschule,competitors,1.0
Mittelschul- und Berufsbildungsamt Kanton Zürich,"Ausstellungsstrasse 80, 8005 Zürich, Schweiz",47.3836345,8.534542799999999,Kreis 5,Gewerbeschule,competitors,1.0
Migros Take Away,"Pfingstweidstrasse 101, 8005 Zürich, Schweiz",47.389854799999995,8.5073829,Kreis 5,Escher Wyss,migros_group,1.0
Parkplatz Migros,"Pfingstweidstrasse 101, 8005 Zürich, Schweiz",47.3902727,8.507417499999999,Kreis 5,Escher Wyss,migros_group,1.0
Migrol Service,"Rautistrasse 32, 8047 Zürich, Schweiz",47.381260999999995,8.492089,Kreis 5,Escher Wyss,migros_group,1.0
Coop Supermarkt Zürich Hard Turm Park,"Pfingstweidstrasse 106, 8005 Zürich, Schweiz",47.3911184,8.508009699999999,Kreis 5,Escher Wyss,competitors,1.0
Coop Pronto Shop Zürich Prime Tower,"Hardstrasse 221, 8005 Zürich, Schweiz",47.3863992,8.5176807,Kreis 5,Escher Wyss,competitors,0.3
Migros-Supermarkt - Zürich - Höngg,"Regensdorferstrasse 20, 8049 Zürich, Schweiz",47.4037537,8.497187199999999,Kreis 4,Werd,migros_group,1.0
Migrol Service mit Shell-Treibstoff,"Birmensdorferstrasse 517, 8055 Zürich, Schweiz",47.3674036,8.4943011,Kreis 4,Werd,migros_group,1.0
Coop Pronto Shop Zürich Wiedikon,"Birmensdorferstrasse 55, 8004 Zürich, Schweiz",47.3713653,8.525133499999999,Kreis 4,Werd,competitors,0.3
Coop Supermarkt Zürich Wiedikon,"Birmensdorferstrasse 200, 8003 Zürich, Schweiz",47.370688,8.5160521,Kreis 4,Werd,competitors,1.0
Coop to go Zürich Stauffacher,"Badenerstrasse 15, 8004 Zürich, Schweiz",47.3734708,8.530353,Kreis 4,Werd,competitors,0.3
Coop Pronto Shop Zürich Stauffacher,"Badenerstrasse 44, 8004 Zürich, Schweiz",47.3734124,8.5284011,Kreis 4,Werd,competitors,0.3
Coop Pronto Shop Zürich Badenerstrasse 120,"Badenerstrasse 120, 8004 Zürich, Schweiz",47.3744557,8.5240428,Kreis 4,Werd,competitors,0.3
Kiosk Kalkbreite,"Kalkbreitestrasse 1, 8003 Zürich, Schweiz",47.3742612,8.5214843,Kreis 4,Werd,competitors,1.0
ALDI SUISSE,"Dietlimoosplatz 1, 8134 Adliswil, Schweiz",47.322160499999995,8.529346199999999,Kreis 4,Werd,competitors,1.0
ALDI SUISSE,"Soodring 36, 8134 Adliswil, Schweiz",47.316118,8.520560999999999,Kreis 4,Werd,competitors,1.0
ALDI SUISSE,"Goldschlägipl. 3, 8952 Schlieren, Schweiz",47.4001171,8.441642400000001,Kreis 4,Werd,competitors,1.0
Migros Take Away,"Wengistrasse 7, 8004 Zürich, Schweiz",47.3749014,8.5231358,Kreis 4,Langstrasse,migros_group,1.0
Migros-Supermarkt - Leutschenbach,"Hagenholzstrasse 45, 8050 Zürich, Schweiz",47.4147267,8.553732300000002,Kreis 4,Langstrasse,migros_group,1.0
Aladin,"Langstrasse 95, 8004 Zürich, Schweiz",47.37826,8.526712,Kreis 4,Langstrasse,competitors,1.0
Big Burger Zürich,"Langstrasse 211, 8005 Zürich, Schweiz",47.3830606,8.5299791,Kreis 4,Langstrasse,competitors,1.0
Denner Discount,"Giesshübelstrasse 65, 8045 Zürich, Schweiz",47.358222,8.517876,Kreis 4,Hard,migros_group,1.0
SPAR,"Hofsteigstraße 2, 6971 Hard, Österreich",47.4896447,9.6907887,Kreis 4,Hard,competitors,1.0
SPAR,"Hofsteigstraße 15, 6971 Hard, Österreich",47.490206400000005,9.6926748,Kreis 4,Hard,competitors,1.0
SPAR,"Schäfferhofstraße 1, 6971 Hard, Österreich",47.4860664,9.7121311,Kreis 4,Hard,competitors,1.0
DHL Service Point (SPAR Express ZH Schauspielhaus),"Hottingerstrasse 2, 8032 Zürich, Schweiz",47.37037120000001,8.5494107,Kreis 4,Hard,competitors,0.3
SPAR Supermarkt Urdorf,"Bachstrasse 11, 8902 Urdorf, Schweiz",47.381913,8.423735599999999,Kreis 4,Hard,competitors,1.0
SPAR Achleitner Hard,"Landstraße 77, 6971 Hard, Österreich",47.4811126,9.6833917,Kreis 4,Hard,competitors,1.0
Coop ToGo,"Stadelhoferstrasse 8, 8001 Zürich, Schweiz",47.366583,8.548437999999999,Kreis 1,Hochschulen,competitors,1.0
Universität Zürich,"Rämistrasse 71, 8006 Zürich, Schweiz",47.3745896,8.5486629,Kreis 1,Hochschulen,competitors,1.0
HITZBERGER Migros-City,"Löwenstrasse 35, 8001 Zürich, Schweiz",47.3752656,8.536159999999999,Kreis 1,Lindenhof,migros_group,1.0
mio by migrolino,"Albisstrasse 115, 8038 Zürich, Schweiz",47.3374226,8.5303072,Kreis 1,Lindenhof,migros_group,0.3
Sihlcity,"Kalanderpl. 1, 8045 Zürich, Schweiz",47.3577488,8.5230658,Kreis 1,Lindenhof,competitors,1.0
Coop Supermarkt Zürich Enge Bahnhof,"Tessinerpl. 10, 8002 Zürich, Schweiz",47.3645195,8.5308191,Kreis 1,Lindenhof,competitors,1.0
Coop Supermarkt Zürich Wollishofen,"Alte Kalchbühlstrasse 15, 8038 Zürich, Schweiz",47.3401675,8.5305126,Kreis 1,Lindenhof,competitors,1.0
Coop City Zürich Sihlcity,"Kalanderpl. 1, 8045 Zürich, Schweiz",47.3574084,8.5227383,Kreis 1,City,competitors,1.0
Coop Supermarkt Zürich Sihlcity,"Kalanderpl. 1, 8045 Zürich, Schweiz",47.3576232,8.5231751,Kreis 1,City,competitors,1.0
Coop Supermarkt City Zürich Oerlikon Food,"Wallisellenstrasse 1, 8050 Zürich, Schweiz",47.4103731,8.546684299999999,Kreis 1,City,competitors,1.0
Migros-Supermarkt - Zürich - Schwamendingen,"Winterthurerstrasse 524, 8051 Zürich, Schweiz",47.4039286,8.5729928,Kreis 12,Saatlen,migros_group,1.0
Migros-Supermarkt - Zürich - Oerlikon Neumarkt,"Einkaufszentrum Neumarkt, Hofwiesenstrasse 350, 8050 Zürich, Schweiz",47.4105054,8.5430437,Kreis 12,Saatlen,migros_group,1.0
Migros-Supermarkt - Opfikon - Glattpark,"Thurgauerstrasse 106, 8152 Opfikon, Schweiz",47.4210946,8.5577823,Kreis 12,Saatlen,migros_group,1.0
Migros-Supermarkt - Wallisellen - Glattzentrum,"Neue Winterthurerstrasse 99, 8304 Wallisellen, Schweiz",47.4086459,8.595885599999999,Kreis 12,Saatlen,migros_group,1.0
Coop Supermarkt Zürich Schwamendingen,"Saatlenstrasse 12, 8051 Zürich, Schweiz",47.4049183,8.5716621,Kreis 12,Saatlen,migros_group,1.0
Migros-Supermarkt - Wallisellen,"Bahnhofstrasse 30, 8304 Wallisellen, Schweiz",47.4135837,8.591854399999999,Kreis 12,Saatlen,migros_group,1.0
Denner Discount,"Winterthurerstrasse 524, 8051 Zürich, Schweiz",47.4039316,8.5726414,Kreis 12,Saatlen,migros_group,1.0
Denner Discount,"Düberndorfstrasse 271, Dübendorfstrasse 271, 8051 Zürich, Schweiz",47.3999951,8.5878022,Kreis 12,Saatlen,migros_group,1.0
Denner Express,"Glatttalstrasse 76, 8052 Zürich, Schweiz",47.4272499,8.5467361,Kreis 12,Saatlen,migros_group,0.3
Denner Discount,"Thurgauerstrasse 106, 8152 Opfikon, Schweiz",47.421132799999995,8.557648,Kreis 12,Saatlen,migros_group,1.0
Denner Discount,"Bahnhofstrasse 9, 8304 Wallisellen, Schweiz",47.4143811,8.5910411,Kreis 12,Saatlen,migros_group,1.0
Denner Discount,"Neue Winterthurerstrasse 99, 8304 Wallisellen, Schweiz",47.4078875,8.5965549,Kreis 12,Saatlen,migros_group,1.0
Migrol Service,"Winterthurerstrasse 692, 8051 Zürich, Schweiz",47.4063575,8.5838739,Kreis 12,Saatlen,migros_group,1.0
Migrol Tankstelle,"Winterthurerstrasse 686, 8051 Zürich, Schweiz",47.406347499999995,8.583642,Kreis 12,Saatlen,migros_group,1.0
Coop Supermarkt Zürich Precisa,"Wallisellenstrasse 333, 8050 Zürich, Schweiz",47.4113695,8.5625841,Kreis 12,Saatlen,competitors,1.0
Lidl Schweiz,"Schaffhauserstrasse 165, 8302 Kloten, Schweiz",47.45478,8.579279999999999,Kreis 12,Saatlen,competitors,1.0
Saatlen Pub,"Saatlenstrasse 18, 8051 Zürich, Schweiz",47.4052637,8.570902499999999,Kreis 12,Saatlen,competitors,1.0
SPAR Supermarkt Kloten Bramen,"Schaffhauserstrasse 60, 8302 Kloten, Schweiz",47.4441178,8.5788917,Kreis 12,Saatlen,competitors,1.0
SPAR Supermarkt Kloten,"Breitistrasse 24, 8302 Kloten, Schweiz",47.4477285,8.5842285,Kreis 12,Saatlen,competitors,1.0
SPAR Supermarkt Zürich Schwamendingen,"Düberndorfstrasse 271, Dübendorfstrasse 271, 8051 Zürich, Schweiz",47.4000502,8.5878202,Kreis 12,Schwamendingen-Mitte,competitors,1.0
Migros-Supermarkt - Dübendorf Stettbach,"Am Stadtrand 5, 8600 Dübendorf, Schweiz",47.3967003,8.5968453,Kreis 12,Hirzenbach,migros_group,1.0
Migros-Supermarkt - Dübendorf - Hochbord Nord,"Neugutstrasse 83, 8600 Dübendorf, Schweiz",47.4014347,8.6034625,Kreis 12,Hirzenbach,migros_group,1.0
GZ Hirzenbach - Zürcher Gemeinschaftszentren,"Helen-Keller-Strasse 55, 8051 Zürich, Schweiz",47.4026247,8.5918226,Kreis 12,Hirzenbach,migros_group,1.0
Coop Supermarkt Zürich Hirzenbachstrasse,"Hirzenbachstrasse 40, 8051 Zürich, Schweiz",47.4034823,8.5893255,Kreis 12,Hirzenbach,competitors,1.0
ALDI SUISSE,"Industriestrasse 31, 8305 Dietlikon, Schweiz",47.4122774,8.619218199999999,Kreis 12,Hirzenbach,competitors,1.0
ALDI SUISSE,"Im Schossacher 24, 8600 Dübendorf, Schweiz",47.3928061,8.642375,Kreis 12,Hirzenbach,competitors,1.0
Denner Discount,"Einkaufszentrum, Regensdorferstrasse 16, 8049 Zürich, Schweiz",47.4032859,8.4982778,Kreis 10,Höngg,migros_group,1.0
mio by migrolino,"Zürcherstrasse 158, 8102 Oberengstringen, Schweiz",47.411795999999995,8.4558533,Kreis 10,Höngg,migros_group,0.3
migrolino Regensdorf,"Feldstrasse 6, 8105 Regensdorf, Schweiz",47.437556,8.474373,Kreis 10,Höngg,migros_group,0.3
Migrol Service,"Wehntalerstrasse 387, 8046 Zürich, Schweiz",47.4142131,8.5181954,Kreis 10,Höngg,migros_group,1.0
Migrol Service,"Zürcherstrasse 158, 8102 Oberengstringen, Schweiz",47.411809,8.455855,Kreis 10,Höngg,migros_group,1.0
migrolino Schlieren,"Güterstrasse 3, 8952 Schlieren, Schweiz",47.3988491,8.4474854,Kreis 10,Höngg,migros_group,0.3
Coop Supermarkt Zürich Hönggermarkt,"Regensdorferstrasse 9, 8049 Zürich, Schweiz",47.402482899999995,8.4987328,Kreis 10,Höngg,competitors,1.0
Coop Supermarkt Zürich ETH Hönggerberg,"Wolfgang-Pauli-Strasse 14, 8049 Zürich, Schweiz",47.4083915,8.507961,Kreis 10,Höngg,competitors,1.0
Lidl Schweiz,"Lägernstrasse 4, 8154 Oberglatt, Schweiz",47.4754,8.50648,Kreis 10,Höngg,competitors,1.0
Alnatura Bio Super Markt Zürich Höngg,"Kappenbühlweg 5, 8049 Zürich, Schweiz",47.4033715,8.4980216,Kreis 10,Höngg,competitors,1.0
Hönggermarkt,"Regensdorferstrasse 5, 8049 Zürich, Schweiz",47.4025076,8.4988295,Kreis 10,Höngg,competitors,1.0
ALDI SUISSE,"Feldstrasse 32, 8105 Regensdorf, Schweiz",47.4383568,8.4730396,Kreis 10,Höngg,competitors,1.0
VOI Zürich - Hönggerstrasse,"Hönggerstrasse 117, 8037 Zürich, Schweiz",47.3953281,8.5183059,Kreis 10,Höngg,competitors,1.0
SPAR,"Pumpwerkstrasse 56, 8105 Regensdorf, Schweiz",47.4453521,8.464095499999999,Kreis 10,Höngg,competitors,1.0
SPAR Supermarkt Weiningen,"Regensdorferstrasse 2, 8104 Weiningen, Schweiz",47.419928,8.434778,Kreis 10,Höngg,competitors,1.0
City Bernina,"Berninastrasse 41, 8057 Zürich, Schweiz",47.4033886,8.547363700000002,Kreis 10,Höngg,competitors,1.0
SPAR Supermarkt,"Regensdorferstrasse 22, 8108 Dällikon, Schweiz",47.439264699999995,8.4413089,Kreis 10,Höngg,competitors,1.0
SPAR,"Badenerstrasse 104, 8952 Schlieren, Schweiz",47.3976295,8.430797199999999,Kreis 10,Höngg,competitors,1.0
Take Away - Zürich - Wiedikon M-Märt,"Birmensdorferstrasse 320, 8055 Zürich, Schweiz",47.369949899999995,8.508405999999999,Kreis 3,Alt-Wiedikon,migros_group,1.0
Migros Take Away,"Birmensdorferstrasse 140, 8003 Zürich, Schweiz",47.3700513,8.520220199999999,Kreis 3,Alt-Wiedikon,migros_group,1.0
Wiediker Märt,"Birmensdorferstrasse 320, 8055 Zürich, Schweiz",47.3698925,8.5086107,Kreis 3,Alt-Wiedikon,migros_group,1.0
Coop Supermarkt Zürich Talwiesenstrasse,"Birmensdorferstrasse 310, 8055 Zürich, Schweiz",47.3699656,8.509094,Kreis 3,Alt-Wiedikon,competitors,1.0
Coop Supermarkt Zürich Manessehof,"Uetlibergstrasse 20, 8045 Zürich, Schweiz",47.3648791,8.5210603,Kreis 3,Alt-Wiedikon,competitors,1.0
Coop Vitality Zürich-Wiedikon,"Birmensdorferstrasse 200, 8003 Zürich, Schweiz",47.3707958,8.5160521,Kreis 3,Alt-Wiedikon,competitors,1.0
Coop Supermarkt Zürich Kalandergasse,"Kalandergasse 4, 8045 Zürich, Schweiz",47.359146,8.5228009,Kreis 3,Alt-Wiedikon,competitors,1.0
Coop Supermarkt Zürich Zentrum Friesenberg,"Friesenbergpl. 3, 8045 Zürich, Schweiz",47.3611712,8.5065159,Kreis 3,Alt-Wiedikon,competitors,1.0
VOI Zürich - In der Ey,"Letzigraben 239, 8047 Zürich, Schweiz",47.37051,8.492829000000002,Kreis 3,Friesenberg,migros_group,1.0
Migros-Supermarkt - Zürich - Wollishofen,"Etzelstrasse 3, 8038 Zürich, Schweiz",47.34472220000001,8.53,Kreis 3,Friesenberg,migros_group,1.0
Migros-Supermarkt - Zürich - Leimbach Sihlbogen,"Leimbachstrasse 23, 8041 Zürich, Schweiz",47.336038300000006,8.518926,Kreis 3,Friesenberg,migros_group,1.0
KOL-TUV AG,"Aemtlerstrasse 8, 8003 Zürich, Schweiz",47.371184199999995,8.516499399999999,Kreis 3,Friesenberg,competitors,1.0
Arztpraxis Friesenberg AG,"Borrweg 65, 8055 Zürich, Schweiz",47.3615005,8.506895799999999,Kreis 3,Friesenberg,competitors,1.0
Friesenberg,"Friesenberg, Zürich, Schweiz",47.3588387,8.4977565,Kreis 3,Friesenberg,competitors,1.0
SPAR Supermarkt Bonstetten,"Dorfstrasse 15, 8906 Bonstetten, Schweiz",47.3148749,8.469689599999999,Kreis 3,Friesenberg,competitors,1.0
DHL Service Point (SPAR Supermarkt Zürich Greencity),"Spinnereipl. 3, 8041 Zürich, Schweiz",47.3383398,8.520264899999999,Kreis 3,Friesenberg,competitors,1.0
Friedhof Zürich Sihlfeld,"Aemtlerstrasse 151, 8003 Zürich, Schweiz",47.3758398,8.510604,Kreis 3,Sihlfeld,migros_group,1.0
Spartech-Zagalski,"Schimmelstrasse 3, 8003 Zürich, Schweiz",47.3696316,8.5252573,Kreis 3,Sihlfeld,competitors,1.0
Marktgasse,"Freilagerstrasse 61, 8047 Zürich, Schweiz",47.379816600000005,8.4890759,Kreis 3,Sihlfeld,competitors,1.0
Coop Supermarkt Zürich Wollishofen Seestr.,"Seestrasse 339, 8038 Zürich, Schweiz",47.347250599999995,8.5330098,Kreis 2,Wollishofen,competitors,1.0
VOI Zürich - Paradies,"Paradiesstrasse 3, 8038 Zürich, Schweiz",47.334755099999995,8.5294889,Kreis 2,Wollishofen,competitors,1.0
Lidl Schweiz,"Seestrasse 83 / 93, 8810 Horgen, Schweiz",47.263099999999994,8.59114,Kreis 2,Wollishofen,competitors,1.0
Denner Express,"Soodstrasse 52, 8134 Adliswil, Schweiz",47.320401,8.521865,Kreis 2,Leimbach,migros_group,0.3
Denner Discount,"Tiefackerstrasse 20, 8134 Adliswil, Schweiz",47.3153539,8.530547199999999,Kreis 2,Leimbach,migros_group,1.0
Denner Discount,"Florastrasse 10 Ladenzentrum Bahnhof, 8134 Adliswil, Schweiz",47.3122946,8.5243374,Kreis 2,Leimbach,migros_group,1.0
Denner Discount,"Hochweidstrasse 3, 8802 Kilchberg, Schweiz",47.3170757,8.5386927,Kreis 2,Leimbach,migros_group,1.0
Denner Discount,"Parkside, Zürcherstrasse 6, 8803 Rüschlikon, Schweiz",47.3002974,8.5489748,Kreis 2,Leimbach,migros_group,1.0
Coop Supermarkt Zürich Leimbach,"Leimbachstrasse 200, 8041 Zürich, Schweiz",47.3262298,8.5143126,Kreis 2,Leimbach,competitors,1.0
Lidl Schweiz,"Centralweg 3, 8910 Affoltern am Albis, Schweiz",47.2780069,8.4530301,Kreis 2,Leimbach,competitors,1.0
Coop Pronto Shop Zürich am Bahnhof Enge,"Tessinerpl. 3, 8002 Zürich, Schweiz",47.3644142,8.5322192,Kreis 2,Enge,competitors,0.3
Hürlimannbad & Spa Zürich,"Brandschenkestrasse 150, 8002 Zürich, Schweiz",47.3649417,8.525115,Kreis 2,Enge,competitors,1.0
Hürlimann Areal - Zürich,"8002 Zürich, Schweiz",47.364863,8.525058099999999,Kreis 2,Enge,competitors,1.0
Seebad Enge,"Mythenquai 9, 8002 Zürich, Schweiz",47.361633999999995,8.5367532,Kreis 2,Enge,competitors,1.0
Fitnesspark Stockerhof,"Dreikönigstrasse 31A, 8002 Zürich, Schweiz",47.3663862,8.535049899999999,Kreis 2,Enge,competitors,1.0
Sauna am See,"Mythenquai 9, 8002 Zürich, Schweiz",47.361659499999995,8.5366731,Kreis 2,Enge,competitors,1.0
"Hammam & Spa, Stadtbad Zürich","Stauffacherstrasse 60, 8004 Zürich, Schweiz",47.3754248,8.5271998,Kreis 2,Enge,competitors,1.0
Labo Spa,"Talacker 41, 8001 Zürich, Schweiz",47.371893,8.534785,Kreis 2,Enge,competitors,1.0
Soi Siam - Wellness,"Tödistrasse 40, 8002 Zürich, Schweiz",47.3671322,8.534450699999999,Kreis 2,Enge,competitors,1.0
Zürich Enge,"Tessinerpl. 10, 8002 Zürich, Schweiz",47.3640792,8.5308349,Kreis 2,Enge,competitors,1.0
Wanna Wellness,"Grütlistrasse 36, 8002 Zürich, Schweiz",47.362273,8.5308982,Kreis 2,Enge,competitors,1.0
Origin Massage Enge - Medizinische Massage,"Seestrasse 11, 8002 Zürich, Schweiz",47.3650946,8.531901399999999,Kreis 2,Enge,competitors,1.0
Nagare Spa,"Seefeldstrasse 7A, 8002 Zürich, Schweiz",47.3663713,8.5350594,Kreis 2,Enge,competitors,1.0
QueenBee Beauty Spa Nguyen,"Bederstrasse 98, 8002 Zürich, Schweiz",47.3618123,8.5259882,Kreis 2,Enge,competitors,1.0
Aesthe,"Beethovenstrasse 45, 8002 Zürich, Schweiz",47.368299699999994,8.5349702,Kreis 2,Enge,competitors,1.0
Splash of Beauty,"Freigutstrasse 10, 8002 Zürich, Schweiz",47.3672562,8.532568500000002,Kreis 2,Enge,competitors,1.0
Swiss Thai Spa Krankenkasse Anerkannt Sihlcity,"Giesshübelstrasse 64, 8045 Zürich, Schweiz",47.358345199999995,8.5195049,Kreis 2,Enge,competitors,1.0
Recovery Place,"Bleicherweg 33, 8002 Zürich, Schweiz",47.3665262,8.534053,Kreis 2,Enge,competitors,1.0
Migros-Supermarkt - Zürich - Affoltern,"Jonas-Furrer-Strasse 21, 8046 Zürich, Schweiz",47.42047710000001,8.5081698,Kreis 11,Affoltern,migros_group,1.0
Migros-Supermarkt - Affoltern a. A.,"Oberdorfstrasse 4, 8910 Affoltern am Albis, Schweiz",47.2784382,8.4538412,Kreis 11,Affoltern,migros_group,1.0
Denner Discount,"In Böden 174, 8046 Zürich, Schweiz",47.4200534,8.5082922,Kreis 11,Affoltern,migros_group,1.0
Denner Discount,"Zürichstrasse 51, 8910 Affoltern am Albis, Schweiz",47.276131199999995,8.450270699999999,Kreis 11,Affoltern,migros_group,1.0
Coop Supermarkt Zürich Wehntalerstrasse,"Wehntalerstrasse 549, 8046 Zürich, Schweiz",47.418887,8.5055923,Kreis 11,Affoltern,competitors,1.0
Coop Supermarkt Affoltern am Albis,"Büelstrasse 15, 8910 Affoltern am Albis, Schweiz",47.2738709,8.445676299999999,Kreis 11,Affoltern,competitors,1.0
Coop Pronto,"Wehntalerstrasse 347, 8046 Zürich, Schweiz",47.4132527,8.5211243,Kreis 11,Affoltern,competitors,0.3
Coop Supermarkt Zürich Mühlackerstrasse,"Mühlackerstrasse 199, 8046 Zürich, Schweiz",47.4255113,8.4969846,Kreis 11,Affoltern,competitors,1.0
ALDI SUISSE,"Industriestrasse 5, 8910 Affoltern am Albis, Schweiz",47.2727428,8.447017899999999,Kreis 11,Affoltern,competitors,1.0
Migrol Service mit Shell-Treibstoff,"Thurgauerstrasse 100, 8052 Zürich, Schweiz",47.4197863,8.5563332,Kreis 11,Oerlikon,migros_group,1.0
mio by migrolino,"Glatttalstrasse 56, 8052 Zürich, Schweiz",47.4258307,8.5478256,Kreis 11,Oerlikon,migros_group,0.3
Coop Pronto Shop Zürich-Oerlikon Bahnhof,"Hofwiesenstrasse 369, 8050 Zürich, Schweiz",47.4112509,8.543221299999999,Kreis 11,Oerlikon,competitors,0.3
Coop Supermarkt Zürich Eleven,"Sophie-Taeuber-Strasse 4, 8050 Zürich, Schweiz",47.4134803,8.5410152,Kreis 11,Oerlikon,competitors,1.0
Center Eleven,"Therese-Giehse-Strasse 11, 8050 Zürich, Schweiz",47.4138847,8.5411181,Kreis 11,Oerlikon,competitors,1.0
Coop to go Zürich Oerlikon Bahnhof,"Schaffhauserstrasse 389, 8050 Zürich, Schweiz",47.4127736,8.5455649,Kreis 11,Oerlikon,competitors,0.3
Coop Supermarkt Zürich Hard Turm Park,"Pfingstweidstrasse 106, 8005 Zürich, Schweiz",47.391181,8.507968,Kreis 11,Oerlikon,competitors,1.0
Coop Pronto Shop Zürich Main Tower,"Thurgauerstrasse 36, 8050 Zürich, Schweiz",47.4138904,8.5514837,Kreis 11,Oerlikon,competitors,0.3
Coop Supermarkt Zürich Andreasturm,"Andreasstrasse 5, 8050 Zürich, Schweiz",47.412904999999995,8.5473555,Kreis 11,Oerlikon,competitors,1.0
Coop Supermarkt Zürich Schwellistrasse,"Schwellistrasse 69, 8052 Zürich, Schweiz",47.4249656,8.5376909,Kreis 11,Seebach,competitors,1.0
Coop Pronto,"Schaffhauserstrasse 499, 8052 Zürich, Schweiz",47.4214355,8.5497151,Kreis 11,Seebach,competitors,0.3
Coop Supermarkt Zürich Leutschenbach,"Leutschenbachstrasse 70, 8050 Zürich, Schweiz",47.416754,8.5564286,Kreis 11,Seebach,competitors,1.0
Fresh Shop Supermarkt-Seebach,"Schaffhauserstrasse 459, 8052 Zürich, Schweiz",47.4184272,8.546757,Kreis 11,Seebach,competitors,1.0
BioMago GmbH,"Eichrainstrasse 3, 8052 Zürich, Schweiz",47.4296418,8.5454134,Kreis 11,Seebach,competitors,1.0
Farmy,"Buckhauserstrasse 28, 8048 Zürich, Schweiz",47.3844854,8.4928249,Kreis 9,Albisrieden,competitors,1.0
Parkhaus Greenpark Letzi,"Mürtschenstrasse 26, 8048 Zürich, Schweiz",47.387667699999994,8.496969,Kreis 9,Albisrieden,competitors,1.0
Neumarkt Altstetten,"Altstetterstrasse 145, 8048 Zürich, Schweiz",47.3883626,8.4869653,Kreis 9,Altstetten,migros_group,1.0
My Post Service 8048 Zürich Altstetten Neumarkt Migros,"Altstetterstrasse 145, 8048 Zürich, Schweiz",47.388305599999995,8.4875973,Kreis 9,Altstetten,migros_group,1.0
Migros Take Away,"Altstetterstrasse 145, 8048 Zürich, Schweiz",47.3881717,8.4869196,Kreis 9,Altstetten,migros_group,1.0
VOI Zürich - Grünau,"Grünauring 37, 8064 Zürich, Schweiz",47.3960909,8.4864909,Kreis 9,Altstetten,migros_group,1.0
Einkaufszentrum Letzipark,"Baslerstrasse 50, 8048 Zürich, Schweiz",47.386609199999995,8.4987326,Kreis 9,Altstetten,competitors,1.0
Coop Pronto Shop mit Tankstelle Zürich Letzipark,"Hohlstrasse 461, 8048 Zürich, Schweiz",47.3878017,8.4986327,Kreis 9,Altstetten,competitors,0.3
CrossFit Kreis 9 Zürich,"Aargauerstrasse 250, 8048 Zürich, Schweiz",47.3930926,8.489806,Kreis 9,Altstetten,competitors,1.0
blume 3000 | Stadelhofen Bahnhof,"Stadelhoferstrasse 8, 8001 Zürich, Schweiz",47.3667707,8.5482961,Kreis 8,Seefeld,competitors,1.0
Chiida Spa Zürich Seefeld - Luxuriöse Thai Massage & Thai Spa,"Kreuzstrasse 19, 8008 Zürich, Schweiz",47.3630893,8.5490721,Kreis 8,Seefeld,competitors,1.0
Memory of Siam - Thai Massage Boutique SPA - Zürich Seefeld,"Florastrasse 47, 8008 Zürich, Schweiz",47.3618773,8.552469499999999,Kreis 8,Seefeld,competitors,1.0
Hammam Basar +Salon,"Mühlebachstrasse 157/159, 8008 Zürich, Schweiz",47.3570583,8.5585656,Kreis 8,Seefeld,competitors,1.0
Montra Lanna Gold– Thai Massage and Spa,"Kreuzstrasse 15, 8008 Zürich, Schweiz",47.362952199999995,8.5486773,Kreis 8,Seefeld,competitors,1.0
Razzia,"Seefeldstrasse 82, 8008 Zürich, Schweiz",47.360761,8.551613,Kreis 8,Seefeld,competitors,1.0
Aesthetics Medical AG,"Utoquai 37, 8008 Zürich, Schweiz",47.3637058,8.5467616,Kreis 8,Seefeld,competitors,1.0
Pure Beauty Spa,"Zollikerstrasse 82, 8008 Zürich, Schweiz",47.359503499999995,8.557518,Kreis 8,Seefeld,competitors,1.0
Andrea Wiedmer Kosmetik,"Florastrasse 1, 8008 Zürich, Schweiz",47.3609443,8.5485163,Kreis 8,Seefeld,competitors,1.0
Osswald Parfumerie & Facial Spa,"Bahnhofstrasse 17, 8001 Zürich, Schweiz",47.3690562,8.539221999999999,Kreis 8,Seefeld,competitors,1.0
Migros-Supermarkt - Zollikon - Dorf,"Rotfluhstrasse 100, 8702 Zollikon, Schweiz",47.3377418,8.5761609,Kreis 8,Weinegg,migros_group,1.0
Alnatura Bio Super Markt Zürich Kreuzplatz,"Kreuzpl. 20, 8008 Zürich, Schweiz",47.3643843,8.5541235,Kreis 8,Weinegg,migros_group,1.0
Quartierhof Wynegg,"Weineggstrasse 44A, 8008 Zürich, Schweiz",47.3581505,8.5652298,Kreis 8,Weinegg,migros_group,1.0
ALDI SUISSE,"Dorfpl. 14, 8126 Zumikon, Schweiz",47.3324879,8.6235581,Kreis 8,Weinegg,competitors,1.0
Weinegg,"Weinegg, Zürich, Schweiz",47.3521994,8.5695015,Kreis 8,Weinegg,competitors,1.0
AVIA SPAR express Egg,"Im Hanselmaa 2, 8132 Egg, Schweiz",47.304351,8.690660099999999,Kreis 8,Weinegg,competitors,0.3
migrolino-Shop,"Bucheggstrasse 130, 8057 Zürich, Schweiz",47.3983723,8.5385064,Kreis 6,Unterstrass,migros_group,0.3
Kreis 6,"Scheuchzerstrasse 65, 8006 Zürich, Schweiz",47.3861515,8.545218799999999,Kreis 6,Oberstrass,competitors,1.0
migrolino Dübendorf Sonnental,"Zürichstrasse 89, 8600 Dübendorf, Schweiz",47.3955583,8.606041,Kreis 7,Fluntern,migros_group,0.3
Wirbelsäulen- und Schmerz-Clinic Zürich WSC,"Witellikerstrasse 40, 8032 Zürich, Schweiz",47.351292099999995,8.5762077,Kreis 7,Hirslanden,migros_group,1.0
Dr. med. Philipp M. Lenzlinger | Unfallchirurgie | Traumatologie | Sportchirurgie,"Witellikerstrasse 40, 8032 Zürich, Schweiz",47.351653899999995,8.5764522,Kreis 7,Hirslanden,migros_group,1.0
Dr. Dominik Hinder | ORL-Zentrum Klinik Hirslanden,"Witellikerstrasse 40, 8032 Zürich, Schweiz",47.3515322,8.576333199999999,Kreis 7,Hirslanden,migros_group,0.3
Dr. med. Mario Rancan | Gelenkchirurgie | Chirurgie & Traumatologie | Trauma Zentrum Hirslanden,"Witellikerstrasse 40, 8032 Zürich, Schweiz",47.3515164,8.5764549,Kreis 7,Hirslanden,migros_group,1.0
Zentrum für Urologie Zürich - Klinik Hirslanden,"Witellikerstrasse 40, 8032 Zürich, Schweiz",47.3509752,8.576271600000002,Kreis 7,Hirslanden,migros_group,1.0
Prof. Dr. med. Marius Keel | Wirbelsäulenchirurgie | Becken- und Hüftchirurgie,"Witellikerstrasse 40, 8032 Zürich, Schweiz",47.3515488,8.5764493,Kreis 7,Hirslanden,migros_group,1.0
HerzKlinik Hirslanden - Klinik Hirslanden,"Klinik Hirslanden Witellikerstrasse 40 (Eingang Enzenbühltrakt, 8032 Zürich, Schweiz",47.3503209,8.5768043,Kreis 7,Hirslanden,competitors,1.0
Standort Klinik Hirslanden,"Witellikerstrasse 40, 8032 Zürich, Schweiz",47.3503305,8.5765618,Kreis 7,Hirslanden,competitors,1.0
"Stiftung Hirslanden,","Witellikerstrasse 45, 8008 Zürich, Schweiz",47.3509561,8.5775771,Kreis 7,Hirslanden,competitors,1.0
migrolino Küsnacht Berg,"Seestrasse 139, 8700 Küsnacht, Schweiz",47.3168975,8.5800345,Kreis 7,Witikon,migros_group,0.3
migrolino Volketswil,"Industriestrasse 20A, 8604 Volketswil, Schweiz",47.380778,8.6739942,Kreis 7,Witikon,migros_group,0.3
migrolino Dübendorf Zur Schmiede,"Usterstrasse 44, 8600 Dübendorf, Schweiz",47.3963117,8.623351099999999,Kreis 7,Witikon,migros_group,0.3
Migusto - die Kochplattform der Migros,"Limmatstrasse 152, 8031 Zürich, Schweiz",47.3857134,8.532194,Kreis 5,Gewerbeschule,migros_group,1.0
Migros Museum für Gegenwartskunst,"Limmatstrasse 270, 8005 Zürich, Schweiz",47.3893211,8.525082399999999,Kreis 5,Gewerbeschule,migros_group,1.0
avec,"Hardpl. 1, 8004 Zürich, Schweiz",47.382970799999995,8.5149005,Kreis 5,Escher Wyss,migros_group,1.0
Coop to go,"St. Annagasse 11, 8001 Zürich, Schweiz",47.3727585,8.5368041,Kreis 4,Werd,competitors,0.3
Coop Vitality Apotheke Zürich Stauffacher,"Badenerstrasse 15, 8004 Zürich, Schweiz",47.37342350000001,8.5303361,Kreis 4,Werd,competitors,1.0
Greencity,"Spinnereipl. 8041, 8041 Zürich, Schweiz",47.3402416,8.5206628,Kreis 4,Werd,competitors,1.0
My Post Service 8004 Zürich HB Sihlquai Migros,"Passage Sihlquai, 8004 Zürich, Schweiz",47.3788238,8.5365103,Kreis 4,Langstrasse,migros_group,1.0
My Post Service 8004 Zürich Sihlhallenstrasse Denner,"Sihlhallenstrasse 5, 8004 Zürich, Schweiz",47.379546999999995,8.5270768,Kreis 4,Langstrasse,migros_group,1.0
Kafi für Dich,"Stauffacherstrasse 141, 8004 Zürich, Schweiz",47.3772202,8.5230344,Kreis 4,Langstrasse,competitors,1.0
Sparhafen Bank AG,"Fraumünsterstrasse 21, 8001 Zürich, Schweiz",47.369132,8.540540000000002,Kreis 4,Langstrasse,competitors,1.0
Shell Station,"Bullingerstrasse 73, 8004 Zürich, Schweiz",47.381657999999995,8.509571,Kreis 4,Hard,migros_group,1.0
Angst AG Zürich,"Herdernstrasse 61, 8004 Zürich, Schweiz",47.3842546,8.5052788,Kreis 4,Hard,competitors,1.0
LSI Zurich,"Kreuzstrasse 36, 8008 Zürich, Schweiz",47.3634266,8.5504251,Kreis 1,Hochschulen,competitors,1.0
Sparhafen Immobilien AG,"Fraumünsterstrasse 23, 8001 Zürich, Schweiz",47.369206,8.5404962,Kreis 1,Hochschulen,competitors,1.0
migrolino Bahnhof Wallisellen,"Bahnhofpl. 1A, 8304 Wallisellen, Schweiz",47.4129285,8.5914912,Kreis 1,Lindenhof,migros_group,0.3
migrolino Dietikon Bahnhof,"Bahnhofpl. 8, 8953 Dietikon, Schweiz",47.4063743,8.40452,Kreis 1,Lindenhof,migros_group,0.3
migrolino Glattbrugg,"Schaffhauserstrasse 40, 8152 Opfikon, Schweiz",47.4289971,8.5593152,Kreis 1,Lindenhof,migros_group,0.3
migrolino AG Hauptsitz,"Wynenfeld 3, 5034 Suhr, Schweiz",47.3828866,8.0881467,Kreis 1,Lindenhof,migros_group,0.3
migrolino Obermeilen,"Seestrasse 801, 8706 Meilen, Schweiz",47.2656056,8.6526911,Kreis 1,Lindenhof,migros_group,0.3
ALDI SUISSE,"Hofwiesenstrasse 42, 8153 Rümlang, Schweiz",47.4504138,8.5381529,Kreis 1,Lindenhof,competitors,1.0
SPAR Supermarkt Sarnen,"Lindenhof 7, 6060 Sarnen, Schweiz",46.897307,8.247574,Kreis 1,Lindenhof,competitors,1.0
DHL Service Point (SPAR EXPRESS Zurich),"Neunbrunnenstrasse 40, 8052 Zürich, Schweiz",47.41723,8.54058,Kreis 1,Lindenhof,competitors,0.3
Parkgarage Migros City Löwenstrasse,"Migros-Supermarkt - Zürich - City, Löwenstrasse 35, 8001 Zürich, Schweiz",47.3751737,8.5362066,Kreis 1,City,migros_group,1.0
City Shop - Zürich Niederdorf,"Mühlegasse 7, 8001 Zürich, Schweiz",47.374408599999995,8.543719399999999,Kreis 1,City,competitors,1.0
Parfumerie La Profumeria,"Glockengasse 3, 8001 Zürich, Schweiz",47.3719164,8.5406087,Kreis 1,City,competitors,1.0
Lakomka Zürich,"Ueberlandstrasse 14, 8051 Zürich, Schweiz",47.404137,8.557130599999999,Kreis 12,Saatlen,migros_group,1.0
ALDI SUISSE,"Balz-Zimmermannstrasse 7, 8152 Opfikon, Schweiz",47.4390209,8.5704309,Kreis 12,Saatlen,competitors,1.0
ALDI SUISSE,"Bahnhofstrasse 6, 8302 Kloten, Schweiz",47.448978,8.582613,Kreis 12,Saatlen,competitors,1.0
Kirche Saatlen,"Saatlenstrasse 240, 8050 Zürich, Schweiz",47.410245,8.5638902,Kreis 12,Saatlen,competitors,1.0
SPAR express Rümlang,"Oberglatterstrasse 35, 8153 Rümlang, Schweiz",47.4642074,8.526148599999999,Kreis 12,Saatlen,competitors,0.3
Schwamendingerplatz,"8051 Zürich, Schweiz",47.4045941,8.5718861,Kreis 12,Schwamendingen-Mitte,competitors,1.0
Migros-Supermarkt - Dübendorf,"Unterdorfstrasse 7, 8600 Dübendorf, Schweiz",47.3981096,8.6176206,Kreis 12,Hirzenbach,migros_group,1.0
Denner Discount,"Neuweg 4, 8600 Dübendorf, Schweiz",47.3964006,8.6129674,Kreis 12,Hirzenbach,migros_group,1.0
Denner Discount,"Wallisellenstrasse 17, 8600 Dübendorf, Schweiz",47.398554399999995,8.618086,Kreis 12,Hirzenbach,migros_group,1.0
Schulhaus Hirzenbach,"Luchswiesenstrasse 186, 8051 Zürich, Schweiz",47.4046344,8.5873233,Kreis 12,Hirzenbach,competitors,1.0
SAW Siedlung Hirzenbach,"Hirzenbachstrasse 85, 8051 Zürich, Schweiz",47.4055605,8.5867329,Kreis 12,Hirzenbach,competitors,1.0
Sportzentrum Heerenschürli,"Helen-Keller-Strasse 20, 8051 Zürich, Schweiz",47.4011059,8.5953503,Kreis 12,Hirzenbach,competitors,1.0
Coop Supermarkt Zürich Bombach,"Frankentalerstrasse 20, 8049 Zürich, Schweiz",47.4058719,8.481415499999999,Kreis 10,Höngg,competitors,1.0
Coop Supermarkt Zürich Rütihof,"Rütihofstrasse 15, 8049 Zürich, Schweiz",47.4137365,8.479615800000001,Kreis 10,Höngg,competitors,1.0
Coop Pronto Shop mit Tankstelle Zürich Höngg,"Am Wasser 146, 8049 Zürich, Schweiz",47.399528,8.497225,Kreis 10,Höngg,competitors,0.3
Höngger Zeitung,"Meierhofpl. 2, 8049 Zürich, Schweiz",47.4015236,8.499991699999999,Kreis 10,Höngg,competitors,1.0
Maxim Food,"Wehntalerstrasse 530, 8046 Zürich, Schweiz",47.4184223,8.5087023,Kreis 10,Höngg,competitors,1.0
Stadtmagazin Kreis10,"Kyburgstrasse 29, 8037 Zürich, Schweiz",47.3930729,8.5262726,Kreis 10,Höngg,competitors,1.0
Stadtammannamt und Betreibungsamt Zürich 3,"Sihlfeldstrasse 10, 8003 Zürich, Schweiz",47.3729588,8.5175187,Kreis 3,Alt-Wiedikon,competitors,1.0
Swiss Star Zurich Sihlfeld - contactless self check-in,"Dubsstrasse 30, 8003 Zürich, Schweiz",47.3675614,8.5217178,Kreis 3,Sihlfeld,competitors,1.0
Migros Take Away,"Etzelstrasse 3, 8038 Zürich, Schweiz",47.344668299999995,8.5299635,Kreis 2,Wollishofen,migros_group,1.0
VOI Zürich - Leimbach,"Ankenweid 10, 8041 Zürich, Schweiz",47.3298113,8.5153465,Kreis 2,Leimbach,migros_group,1.0
Denner Discount,"Areal Sternen, Zürcherstrasse 110, 8903 Birmensdorf, Schweiz",47.359685,8.454051,Kreis 2,Leimbach,migros_group,1.0
Rentenwiese,"General-Guisan-Quai 37, 8002 Zürich, Schweiz",47.363149,8.536204099999999,Kreis 2,Enge,competitors,1.0
Alexandra Sommerauer - Balance & Flow @ Origin-Massage,"Seestrasse 11, 8002 Zürich, Schweiz",47.3650998,8.5318979,Kreis 2,Enge,competitors,1.0
Medical Massage & SPA Viktor,"Brandschenkestrasse 82, 8002 Zürich, Schweiz",47.3662359,8.526218799999999,Kreis 2,Enge,competitors,1.0
Renate Stangl Massagen,"Gotthardstrasse 56, 8002 Zürich, Schweiz",47.3650052,8.532994799999999,Kreis 2,Enge,competitors,1.0
Coop Pronto Shop mit Tankstelle Zürich Wehntalerstrasse,"Wehntalerstrasse 351, 8046 Zürich, Schweiz",47.4133764,8.5206838,Kreis 11,Affoltern,competitors,0.3
Migros Bank Niederlassung - Zürich - Oerlikon,"Nansenstrasse 21, 8050 Zürich, Schweiz",47.4103037,8.5441406,Kreis 11,Oerlikon,migros_group,1.0
Migros Take Away,"Hofwiesenstrasse 350/354, 8050 Zürich, Schweiz",47.410671699999995,8.542944300000002,Kreis 11,Oerlikon,migros_group,1.0
Personenmeldeamt Zürich Nord (ehem. «Kreisbüro»),"2. OG, Hofwiesenstrasse 370, 8050 Zürich, Schweiz",47.4112827,8.544737399999999,Kreis 11,Oerlikon,migros_group,1.0
